spotify_uri;refresh_token;access_token;access_token_expires_at
8def52fc-494c-460f-94cd-41bf5552b28a;relationships;support Corporate;2024-03-01T17:12:08
b233e0ac-a4d2-4809-9c94-ae59e5f72ba8;implement PNG discrete;pink withdrawal Lempira;2024-03-01T15:15:14
21d99ba2-6e2f-46b9-838a-4fdd1d9a8c6f;Manat program;Unbranded Outdoors;2024-03-01T09:54:44
8491d8be-e4fb-479e-93a7-547ff8d728c5;Rubber Cotton;FTP Pennsylvania Niue;2024-03-01T14:48:55
fba4a44a-f58d-4016-934f-ff3ed7ae24ee;User Markets fuchsia;North Naira;2024-02-29T19:38:27
94443424-e422-414b-9f7f-9b9038ce0088;Berkshire;input;2024-03-01T13:36:22
95572229-27a8-49f1-a15c-9a58a221e8e2;integrated Coordinator;bypassing deposit primary;2024-03-01T14:54:30
134d2a44-a6b7-4067-99f0-fe0cf3323b9f;Incredible Dram;redundant AGP;2024-03-01T16:37:24
3deec4be-fa99-4444-b99e-266010fdd073;invoice;Generic application Tanzania;2024-03-01T16:42:29
8e6e5182-e5a1-45b6-a0ef-935e451a143c;Loan;Rubber;2024-03-01T08:08:59
