spotify_uri;name;description;release_date;rating
4265846c-61c1-4792-89a8-fa638418c4f5;generating Balboa;Rustic Rustic harness;2024-02-29;672
6fe11c1c-72c9-4999-b180-4ff57971148b;Money array;Concrete;2024-02-29;63615
fa3fad61-7d98-47ab-8f46-a2f0e19810bf;copy;cyan;2024-03-01;24963
05be5b31-32c2-4e74-ab03-a3ab243b75b8;Berkshire;Tonga Supervisor implement;2024-02-29;1133
8517b144-9ef1-4f66-aaac-0757f9aa1f24;Facilitator collaboration Soap;Senior;2024-03-01;57213
1b6d40d9-cda3-4ffc-8942-29d58f91cd28;Monitored;deposit Chicken;2024-03-01;6758
3b1b7983-9091-474e-a3cf-58d8d1f0ef7c;gold;Handmade;2024-03-01;50374
38328597-de5d-4586-85f4-c438a91f8057;Gorgeous;seamless Architect;2024-03-01;37709
49dcff86-9da3-48e9-9547-5cfd5094b833;Architect Generic;Lead invoice withdrawal;2024-02-29;13286
921b9afe-b2ec-4e5f-b7e1-bcd1a1aaed80;copy;Oman;2024-03-01;23737
